{
  "model": {
    "type": "select",
    "property": "custom_model_data",
    "fallback": {
      "type": "model",
      "model": "minecraft:item/paper"
    },
    "cases": [
      {
        "when": "500",
        "model": {
          "type": "model",
          "model": "minecraft:item/paper_null"
        }
      },
      {
        "when": "ladno",
        "model": {
          "type": "model",
          "model": "minecraft:item/paper_null"
        }
      },
      {
        "when": "test",
        "model": {
          "type": "model",
          "model": "minecraft:item/paper_null"
        }
      }
    ]
  }
}